<?xml version="1.0" encoding="UTF-8"?>
<project-private xmlns="http://www.netbeans.org/ns/project-private/1">
    <editor-bookmarks xmlns="http://www.netbeans.org/ns/editor-bookmarks/2" lastBookmarkId="0"/>
    <open-files xmlns="http://www.netbeans.org/ns/projectui-open-files/2">
        <group>
            <file>file:/C:/Users/User/Dropbox/NetBeansProjects/Adv%20Java%20App%20Development/Assignment%20in%20Progress/Unit%202/u02a1_Weather/u02a1_Weather/src/edu/capella/it4749/U02A1_Weather.java</file>
            <file>file:/C:/Users/User/Dropbox/NetBeansProjects/Adv%20Java%20App%20Development/Assignment%20in%20Progress/Unit%202/u02a1_Weather/u02a1_Weather/FileLogger.log</file>
            <file>file:/C:/Users/User/Dropbox/NetBeansProjects/Adv%20Java%20App%20Development/Assignment%20in%20Progress/Unit%202/u02a1_Weather/u02a1_Weather/src/edu/capella/it4749/WeatherParser.java</file>
        </group>
    </open-files>
</project-private>
