{"coord":{"lon":-93.26,"lat":44.98},"weather":[{"id":701,"main":"Mist","description":"mist","icon":"50d"},{"id":501,"main":"Rain","description":"moderate rain","icon":"10d"},{"id":301,"main":"Drizzle","description":"drizzle","icon":"09d"}],"base":"stations","main":{"temp":291.72,"pressure":1016,"humidity":93,"temp_min":290.15,"temp_max":293.15},"visibility":8047,"wind":{"speed":3.1,"deg":170},"clouds":{"all":90},"dt":1503784380,"sys":{"type":1,"id":1536,"message":0.0117,"country":"US","sunrise":1503746963,"sunset":1503795521},"id":5037649,"name":"Minneapolis","cod":200}